{"cameraMode":{"drawMode":0,"name":"Shaded","section":"Shading Mode"},"sceneLighting":true,"audioPlay":false,"sceneViewState":{"showFog":true,"showMaterialUpdate":false,"showSkybox":true,"showFlares":true,"showImageEffects":true,"showParticleSystems":true},"in2DMode":false,"pivot":{"x":-5.352407455444336,"y":-1.679089069366455,"z":15.864947319030762},"rotation":{"x":0.1084117740392685,"y":-0.26761195063591006,"z":0.030315663665533067,"w":0.956932544708252},"size":9.410003662109375,"orthographic":false}