{"cameraMode":{"drawMode":0,"name":"Shaded","section":"Shading Mode"},"sceneLighting":true,"audioPlay":false,"sceneViewState":{"showFog":true,"showMaterialUpdate":false,"showSkybox":true,"showFlares":true,"showImageEffects":true,"showParticleSystems":true},"in2DMode":false,"pivot":{"x":5.842643737792969,"y":-4.66094970703125,"z":6.995084762573242},"rotation":{"x":0.3050452768802643,"y":-0.06819698959589005,"z":0.021903693675994874,"w":0.949645459651947},"size":9.582842826843262,"orthographic":false}