{"cameraMode":{"drawMode":0,"name":"Shaded","section":"Shading Mode"},"sceneLighting":true,"audioPlay":false,"sceneViewState":{"showFog":true,"showMaterialUpdate":false,"showSkybox":true,"showFlares":true,"showImageEffects":true,"showParticleSystems":true},"in2DMode":false,"pivot":{"x":-9.800000190734864,"y":0.6999999284744263,"z":-3.200000047683716},"rotation":{"x":0.08402489125728607,"y":0.06602725386619568,"z":-0.00558002945035696,"w":0.9942635297775269},"size":0.8999997973442078,"orthographic":false}